Modality,Dataset,Kaggle Link,Use
Audio,ASVspoof 2019,https://www.kaggle.com/datasets/awsaf49/asvpoof-2019-dataset,Real vs spoofed speech
Audio,WaveFake,https://www.kaggle.com/datasets/walimuhammadahmad/fakeaudio,"AI-generated speech detection; 104,885 fake clips"
Audio,Fake-or-Real (FoR),https://www.kaggle.com/datasets/mohammedabdeldayem/the-fake-or-real-dataset,Real vs synthetic speech; 195k+ utterances
Audio + Video,FakeAVCeleb,https://www.kaggle.com/datasets/shreyaty08/fakeavceleb,Best choice for your multimodal system
Audio + Video,LAV-DF,https://www.kaggle.com/datasets/elin75/localized-audio-visual-deepfake-dataset-lav-df,Audio-visual manipulation/localized deepfakes
Image,140K Real/Fake Deepfake Dataset,https://www.kaggle.com/datasets/tusharpadhy/deepfake-dataset,Real vs fake face images
Image,StyleGAN/StyleGAN2 Deepfake Faces,https://www.kaggle.com/datasets/kshitizbhargava/deepfake-face-images,GAN-generated face detection
Video,Deep Fake Detection Dataset (DFD),https://www.kaggle.com/datasets/sanikatiwarekar/deep-fake-detection-dfd-entire-original-dataset,Real vs manipulated video

